{
    "materials":[{
        "colorDiffuse":[0.64,0.64,0.64],
        "mapDiffuse":"grain.png",
        "DbgName":"Material.002",
        "depthWrite":true,
        "DbgIndex":0,
        "blending":"NormalBlending",
        "mapDiffuseRepeat":[1,1],
        "mapDiffuseAnisotropy":1,
        "DbgColor":15658734,
        "visible":true,
        "wireframe":false,
        "shading":"lambert",
        "colorEmissive":[0,0,0],
        "opacity":1,
        "mapDiffuseWrap":["RepeatWrapping","RepeatWrapping"],
        "transparent":false,
        "depthTest":true
    }],
    "metadata":{
        "version":3,
        "type":"Geometry",
        "faces":14,
        "materials":1,
        "generator":"io_three",
        "normals":14,
        "uvs":1,
        "vertices":12
    },
    "faces":[42,2,1,0,0,5,0,1,0,0,0,42,0,5,4,0,1,2,3,1,1,1,42,4,3,2,0,3,4,5,2,2,2,42,0,4,2,0,1,3,5,3,3,3,43,1,2,9,7,0,6,7,8,9,4,4,4,4,43,4,5,11,6,0,10,11,12,13,5,5,5,5,43,2,3,10,9,0,7,14,15,8,6,6,6,6,43,0,1,7,8,0,16,17,18,19,7,7,7,7,43,5,0,8,11,0,11,20,21,12,8,8,8,8,43,3,4,6,10,0,22,10,23,24,9,9,9,9,42,8,7,9,0,30,25,26,10,10,10,42,9,10,6,0,26,27,28,11,11,11,42,6,11,8,0,28,29,30,12,12,12,42,9,6,8,0,26,28,30,13,13,13],
    "name":"CircleGeometry.8",
    "normals":[0,0,1,0,0,1,0,0,1,0,0,1,-0.866025,-0.5,-0,0.866025,0.5,-0,-0.866025,0.5,-0,-0,-1,-0,0.866025,-0.5,-0,0,1,-0,-0,-0,-1,-0,-0,-1,0,-0,-1,-0,-0,-1],
    "uvs":[[0.046111,0.017052,0.07982,0.035894,0.07827,0.061175,0.056962,0.075366,0.015502,0.073577,0.015502,0.017291,0.00155,0.903888,0,0.857143,0.028058,0.857143,0.031158,0.905438,0.971942,0.428571,0.971942,0.142857,1,0.142857,1,0.428571,0,0.571429,0.028058,0.571429,0.054162,0.648089,0.056115,0.857143,0.028058,0.857143,0.027569,0.648089,0.971942,0,1,0,0.971942,0.442237,0.99707,0.427595,0.996582,0.442522,0.249023,0.927734,0.008789,0.501953,0.249023,0.073242,0.748047,0.073242,0.992188,0.501953,0.748047,0.927734]],
    "vertices":[0.5,-0,-0.866025,-0.5,-0,-0.866025,-1,0,0,-0.5,0,0.866025,0.5,0,0.866025,1,0,0,0.5,0.1,0.866025,-0.5,0.1,-0.866025,0.5,0.1,-0.866025,-1,0.1,-0,-0.5,0.1,0.866025,1,0.1,-0]
}